Job Title,Company,Location,Posted Time,Job URL,Job Description
"Software Engineering Intern (Bachelors, 6-month Co-Op, Summer 2025)",Sandisk,"Rochester, MN",2 weeks ago,https://www.linkedin.com/jobs/view/software-engineering-intern-bachelors-6-month-co-op-summer-2025-at-sandisk-4168910290?position=1&pageNum=0&refId=tvbCSK5k6Wu%2BpuBc2yiD0Q%3D%3D&trackingId=OQBpdrDj%2BPAwJGn67FWVbw%3D%3D,"Company Description

Sandisk understands how people and businesses consume data and we relentlessly innovate to deliver solutions that enable today’s needs and tomorrow’s next big ideas. With a rich history of groundbreaking innovations in Flash and advanced memory technologies, our solutions have become the beating heart of the digital world we’re living in and that we have the power to shape.

Sandisk meets people and businesses at the intersection of their aspirations and the moment, enabling them to keep moving and pushing possibility forward. We do this through the balance of our powerhouse manufacturing capabilities and our industry-leading portfolio of products that are recognized globally for innovation, performance and quality.

Sandisk has two facilities recognized by the World Economic Forum as part of the Global Lighthouse Network for advanced 4IR innovations. These facilities were also recognized as Sustainability Lighthouses for breakthroughs in efficient operations. With our global reach, we ensure the global supply chain has access to the Flash memory it needs to keep our world moving forward.





Based on our experience, we anticipate that the (~3 months from posting), although we reserve the right to close the application process sooner if we hire an applicant for this position before the application deadline. If we are not able to hire someone from this role before the application deadline, we will update this posting with a new anticipated application deadline.

__________________________________________________________________

The Sandisk Tools and Integration team, located in Rochester, MN, is seeking a Software Engineering Co-Op to join our team. The ideal candidate will have a foundation in C/C++ software development concepts and an interest in hardware, automation, and software application development.

















Sandisk is committed to providing equal opportunities to all applicants and employees and will not discriminate against any applicant or employee based on their race, color, ancestry, religion (including religious dress and grooming standards), sex (including pregnancy, childbirth or related medical conditions, breastfeeding or related medical conditions), gender (including a person’s gender identity, gender expression, and gender-related appearance and behavior, whether or not stereotypically associated with the person’s assigned sex at birth), age, national origin, sexual orientation, medical condition, marital status (including domestic partnership status), physical disability, mental disability, medical condition, genetic information, protected medical and family care leave, Civil Air Patrol status, military and veteran status, or other legally protected characteristics. We also prohibit harassment of any individual on any of the characteristics listed above. Our non-discrimination policy applies to all aspects of employment. We comply with the laws and regulations set forth in the ""Know Your Rights: Workplace Discrimination is Illegal” poster. Our pay transparency policy is available here.

Sandisk thrives on the power and potential of diversity. As a global company, we believe the most effective way to embrace the diversity of our customers and communities is to mirror it from within. We believe the fusion of various perspectives results in the best outcomes for our employees, our company, our customers, and the world around us. We are committed to an inclusive environment where every individual can thrive through a sense of belonging, respect and contribution.

Sandisk is committed to offering opportunities to applicants with disabilities and ensuring all candidates can successfully navigate our careers website and our hiring process. Please contact us at jobs.accommodations@sandisk.com to advise us of your accommodation request. In your email, please include a description of the specific accommodation you are requesting as well as the job title and requisition number of the position for which you are applying."
Software Engineering Intern - Packet Forwarding Team (Summer 2025),Juniper Networks,"Sunnyvale, CA",3 days ago,https://www.linkedin.com/jobs/view/software-engineering-intern-packet-forwarding-team-summer-2025-at-juniper-networks-4182748393?position=2&pageNum=0&refId=tvbCSK5k6Wu%2BpuBc2yiD0Q%3D%3D&trackingId=2w%2BJ%2BGaISllS7zVPCewDiA%3D%3D,"At Juniper, we believe the network is the single greatest vehicle for knowledge, understanding, and human advancement the world has ever known.

To achieve real outcomes, we know that experience is the most important requirement for networking teams and the people they serve. Delivering an experience-first, AI-Native Network pivots on the creativity and commitment of our people. It requires a consistent and committed practice, something we call the Juniper Way.



Are you a student looking to gain hands-on professional experience in software development? Would you like to gain that experience through a robust summer internship program?

We at Juniper Networks are seeking continuing students who are interested in Software Engineering Summer 2025 Internships. Candidates must be in enrolled in a Bachelor’s, Master’s, or PhD program, preferably in EE, CS, or CE, graduating December 2025 or later.

We’re looking for people who are excited to be part of the Packet Forwarding Software Team working on Juniper QFX5K/EX product line that revolutionizes the Data Center Cloud Networking Segment. Our environment is highly collaborative, fostering learning and teamwork, and encouraging all Junivators to take ownership of our collective success.

We recognize that you will bring your own unique skills and interests, and you will be working on VxBOT project or developing HW UT for PFE Software running on QFX5K/EX products. For our software roles, we generally look for at least one of the following:



For some of our projects, interest in or exposure to one or more of the following may be relevant:



Additional qualities of a successful candidate include:



In addition, you will join our comprehensive University Talent Program that fosters personal as well as professional growth, thoroughly preparing interns for the next step in their careers. You will be working closely with a team of strong and passionate engineers.

At Juniper Networks, we also believe you have the opportunity to learn from the best and lay the groundwork for a successful career.

Minimum Salary: $84,000.80

Maximum Salary:$120,750.55

The pay range for this position is expected to be between $84,000.80 and $120,750.55/year; however, the base pay offered may vary depending on multiple individualized factors, including market location, job-related knowledge, skills, and experience. The total compensation package for this position also includes medical benefits, 401(k) eligibility, vacation, sick time, and parental leave. Additional details of participation in these benefit plans will be provided if an employee receives an offer of employment.

If hired, employee will be in an “at-will position” and the Company reserves the right to modify base salary (as well as any other payment or compensation program) at any time, including for reasons related to individual performance, Company or individual department/team performance, and market factors.

Juniper’s pay range data is provided in accordance with local state pay transparency regulations. Juniper may post different minimum wage ranges for permanent residency petitions pursuant to US Department of Labor requirements.



Juniper Networks challenges the inherent complexity that comes with networking and security in the multicloud era. We do this with products, solutions and services that transform the way people connect, work and live. We simplify the process of transitioning to a secure and automated multicloud environment to enable secure, AI-driven networks that connect the world. Additional information can be found at Juniper Networks (www.juniper.net) or connect with Juniper on Twitter, LinkedIn and Facebook.



Wherever you are in the world, whether it's downtown Sunnyvale or London, Westford or Bangalore, Juniper is a place that was founded on disruptive thinking - where colleague innovation is not only valued, but expected. We believe that the great task of delivering a new network for the next decade is delivered through the creativity and commitment of our people. The Juniper Way is the commitment to all our colleagues that the culture and company inspire their best work-their life's work. At Juniper we believe this is more than a job - it's an opportunity to help change the world...



At Juniper Networks, we are committed to elevating talent by creating a trust-based environment where we can all thrive together. We know from experience that people from underrepresented groups often do not apply for roles they do not feel they meet all the criteria for. If you think you have what it takes, but do not necessarily check every single box, please consider applying. We’d love to speak with you.





In compliance with federal law, all persons hired will be required to verify identity and eligibility to work in the United States and to complete the required employment eligibility verification form upon hire.

Juniper Networks participates in the E-Verify program. E-Verify is an Internet-based system operated by the Department of Homeland Security (DHS) in partnership with the Social Security Administration (SSA) that allows participating employers to electronically verify the employment eligibility of new hires and the validity of their Social Security Numbers.



E-Verify® is a registered trademark of the U.S. Department of Homeland Security.

Juniper is an Equal Opportunity workplace and Affirmative Action employer. We do not discriminate in employment decisions on the basis of race, color, religion, gender (including pregnancy), national origin, political affiliation, sexual orientation, gender identity or expression, marital status, disability, genetic information, age, veteran status, or any other applicable legally protected characteristic. All employment decisions are made on the basis of individual qualifications, merit, and business need."
Software Engineering Intern - RAG & Automation (Summer 2025),Juniper Networks,"Sunnyvale, CA",N/A,https://www.linkedin.com/jobs/view/software-engineering-intern-rag-automation-summer-2025-at-juniper-networks-4185833265?position=3&pageNum=0&refId=tvbCSK5k6Wu%2BpuBc2yiD0Q%3D%3D&trackingId=EfVhn9t6HsZycq8S%2BUflUg%3D%3D,"At Juniper, we believe the network is the single greatest vehicle for knowledge, understanding, and human advancement the world has ever known.

To achieve real outcomes, we know that experience is the most important requirement for networking teams and the people they serve. Delivering an experience-first, AI-Native Network pivots on the creativity and commitment of our people. It requires a consistent and committed practice, something we call the Juniper Way.



Juniper Networks is a leading innovator in the networking industry, dedicated to developing cutting-edge networking technology solutions. We are seeking a motivated and talented Software Engineering Intern to join our team and contribute to our mission of delivering high-quality networking equipment.
















In addition, you will join our comprehensive University Talent Program that fosters personal as well as professional growth, thoroughly preparing interns for the next step in their careers. Juniper internships are project-based, allowing interns to solve important problems, make lasting impacts on their teams, and contribute to the company’s overall objectives. Interns are mentored by some of the most talented and skillful innovators in the industry; you will connect with transformative thought leaders who promote disruptive ideas in their field. You will also participate in constructive professional workshops, company-wide community service initiatives, and an executive speaker series. You’ll build lasting friendships, expand your network, and connect with colleagues from around the world.

At Juniper Networks, you will not only have opportunities to build real-life, hands-on work experience – you’ll also have the chance to learn from the best and lay the groundwork for a successful career.

Minimum Salary: $84,000.80

Maximum Salary:$120,750.55

The pay range for this position is expected to be between $84,000.80 and $120,750.55/year; however, the base pay offered may vary depending on multiple individualized factors, including market location, job-related knowledge, skills, and experience. The total compensation package for this position also includes medical benefits, 401(k) eligibility, vacation, sick time, and parental leave. Additional details of participation in these benefit plans will be provided if an employee receives an offer of employment.

If hired, employee will be in an “at-will position” and the Company reserves the right to modify base salary (as well as any other payment or compensation program) at any time, including for reasons related to individual performance, Company or individual department/team performance, and market factors.

Juniper’s pay range data is provided in accordance with local state pay transparency regulations. Juniper may post different minimum wage ranges for permanent residency petitions pursuant to US Department of Labor requirements.



Juniper Networks challenges the inherent complexity that comes with networking and security in the multicloud era. We do this with products, solutions and services that transform the way people connect, work and live. We simplify the process of transitioning to a secure and automated multicloud environment to enable secure, AI-driven networks that connect the world. Additional information can be found at Juniper Networks (www.juniper.net) or connect with Juniper on Twitter, LinkedIn and Facebook.



Wherever you are in the world, whether it's downtown Sunnyvale or London, Westford or Bangalore, Juniper is a place that was founded on disruptive thinking - where colleague innovation is not only valued, but expected. We believe that the great task of delivering a new network for the next decade is delivered through the creativity and commitment of our people. The Juniper Way is the commitment to all our colleagues that the culture and company inspire their best work-their life's work. At Juniper we believe this is more than a job - it's an opportunity to help change the world...



At Juniper Networks, we are committed to elevating talent by creating a trust-based environment where we can all thrive together. We know from experience that people from underrepresented groups often do not apply for roles they do not feel they meet all the criteria for. If you think you have what it takes, but do not necessarily check every single box, please consider applying. We’d love to speak with you.





In compliance with federal law, all persons hired will be required to verify identity and eligibility to work in the United States and to complete the required employment eligibility verification form upon hire.

Juniper Networks participates in the E-Verify program. E-Verify is an Internet-based system operated by the Department of Homeland Security (DHS) in partnership with the Social Security Administration (SSA) that allows participating employers to electronically verify the employment eligibility of new hires and the validity of their Social Security Numbers.



E-Verify® is a registered trademark of the U.S. Department of Homeland Security.

Juniper is an Equal Opportunity workplace and Affirmative Action employer. We do not discriminate in employment decisions on the basis of race, color, religion, gender (including pregnancy), national origin, political affiliation, sexual orientation, gender identity or expression, marital status, disability, genetic information, age, veteran status, or any other applicable legally protected characteristic. All employment decisions are made on the basis of individual qualifications, merit, and business need."
,,,,https://www.linkedin.com/jobs/view/intern-software-engineer-supply-chain-summer-2025-at-lucid-motors-4151852441?position=4&pageNum=0&refId=tvbCSK5k6Wu%2BpuBc2yiD0Q%3D%3D&trackingId=FfRsJTq%2FMfnuONaIN9Nxyg%3D%3D,"Leading the future in luxury electric and mobility

At Lucid, we set out to introduce the most captivating, luxury electric vehicles that elevate the human experience and transcend the perceived limitations of space, performance, and intelligence. Vehicles that are intuitive, liberating, and designed for the future of mobility.

We plan to lead in this new era of luxury electric by returning to the fundamentals of great design – where every decision we make is in service of the individual and environment. Because when you are no longer bound by convention, you are free to define your own experience.

Come work alongside some of the most accomplished minds in the industry. Beyond providing competitive salaries, we’re providing a community for innovators who want to make an immediate and significant impact. If you are driven to create a better, more sustainable future, then this is the right place for you.

We are seeking a highly motivated and self-driven Summer Intern to join our Supply Chain Technical Solutions team. In this role, you will be the lead engineer responsible for developing a chatbot/AI agent to answer questions from 2,000+ users regarding the Lucid Supplier and Supply Chain Portal. The ideal candidate will have hands-on experience building industry-level Natural Language Processing (NLP) models and be familiar with integrating these models into cloud-based applications.













: The compensation range for this position is specific to the locations listed below and is the range Lucid reasonably and in good faith expects to pay for the position taking into account the wide variety of factors that are considered in making compensation decisions, including job-related knowledge; skillset; experience, education and training; certifications; and other relevant business and organizational factors.

: Lucid offers a wide range of competitive benefits, including medical, dental, vision, life insurance, disability insurance, vacation, and 401k. The successful candidate may also be eligible to participate in Lucid’s equity program and/or a discretionary annual incentive program, subject to the rules governing such programs. (Cash or equity incentive awards, if any, will depend on various factors, including, without limitation, individual and company performance.)

Base Pay Range (hourly)

$26—$56 USD

By Submitting your application, you understand and agree that your personal data will be processed in accordance with our Candidate Privacy Notice. If you are a California resident, please refer to our California Candidate Privacy Notice.

:"
,,,,https://www.linkedin.com/jobs/view/intern-software-engineer-supply-chain-summer-2025-at-lucid-motors-europe-4157793073?position=5&pageNum=0&refId=tvbCSK5k6Wu%2BpuBc2yiD0Q%3D%3D&trackingId=t8OMMwJk0AQk%2FziHcxFqfQ%3D%3D,"Leading the future in luxury electric and mobility

At Lucid, we set out to introduce the most captivating, luxury electric vehicles that elevate the human experience and transcend the perceived limitations of space, performance, and intelligence. Vehicles that are intuitive, liberating, and designed for the future of mobility.

We plan to lead in this new era of luxury electric by returning to the fundamentals of great design – where every decision we make is in service of the individual and environment. Because when you are no longer bound by convention, you are free to define your own experience.

Come work alongside some of the most accomplished minds in the industry. Beyond providing competitive salaries, we’re providing a community for innovators who want to make an immediate and significant impact. If you are driven to create a better, more sustainable future, then this is the right place for you.

We are seeking a highly motivated and self-driven Summer Intern to join our Supply Chain Technical Solutions team. In this role, you will be the lead engineer responsible for developing a chatbot/AI agent to answer questions from 2,000+ users regarding the Lucid Supplier and Supply Chain Portal. The ideal candidate will have hands-on experience building industry-level Natural Language Processing (NLP) models and be familiar with integrating these models into cloud-based applications.













: The compensation range for this position is specific to the locations listed below and is the range Lucid reasonably and in good faith expects to pay for the position taking into account the wide variety of factors that are considered in making compensation decisions, including job-related knowledge; skillset; experience, education and training; certifications; and other relevant business and organizational factors.

: Lucid offers a wide range of competitive benefits, including medical, dental, vision, life insurance, disability insurance, vacation, and 401k. The successful candidate may also be eligible to participate in Lucid’s equity program and/or a discretionary annual incentive program, subject to the rules governing such programs. (Cash or equity incentive awards, if any, will depend on various factors, including, without limitation, individual and company performance.)

Base Pay Range (hourly)

$26 - $56 USD

By Submitting your application, you understand and agree that your personal data will be processed in accordance with our Candidate Privacy Notice. If you are a California resident, please refer to our California Candidate Privacy Notice.

:"
,,,,https://www.linkedin.com/jobs/view/software-engineering-intern-subscription-management-platform-at-cisco-thousandeyes-4173685131?position=6&pageNum=0&refId=tvbCSK5k6Wu%2BpuBc2yiD0Q%3D%3D&trackingId=h46lzrHb3ecCbeRiY%2BsrHg%3D%3D,"Who We Are

Cisco ThousandEyes is a Digital Experience Assurance platform that empowers organizations to deliver flawless digital experiences across every network – even the ones they don’t own. Powered by AI and an unmatched set of cloud, internet and enterprise network telemetry data, ThousandEyes enables IT teams to proactively detect, diagnose, and remediate issues – before they impact end- user experiences.

ThousandEyes is deeply integrated across the entire Cisco technology portfolio and beyond, helping customers deploy at scale while also delivering AI-powered assurance insights within Cisco’s leading Networking, Security, Collaboration, and Observability portfolios.



We maintain the main subscription platform used to track, measure and calculate customer's utilization and notify customers of relevant changes. We build reliable and scalable systems that collect and calculate every customer's utilization of the ThousandEyes platform. We enable monetization of new products and offerings. We provide the required data to the billing department for customer invoicing. We provide the customers with clear insights into their near real-time usage data to help them make the best of our platform. We maintain systems that enable Sales Organization by connecting multiple 3rd party solutions and subscription management tools



ThousandEyes interns and co-ops join the team for 12 and 16 week programs, respectively, and are placed directly onto subteams. During the program, interns/co-ops have the opportunity to work on a small starter project, such as integration and implementation of new tools, before spending the majority of the program on a larger project, such as building the infrastructure for a new service. Projects are cross functional, which allow insight into new languages and technologies, help encourage professional growth within engineering, and allow a sense of ownership within the team. ThousandEyes engineering teams place a high emphasis on mentorship. Each intern and co-op is matched 1:1 with a mentor who provides continual feedback and guidance throughout the duration of the program. Mentors help with introductions to other team members, overviews of tools and processes, and provide a seamless integration into ThousandEyes Life.









This is a paid summer internship opportunity and successful interns will be considered for full time jobs upon graduation. This role will be based in San Francisco, CA,.

Cisco values the perspectives and skills that emerge from employees with diverse backgrounds. That's why Cisco is expanding the boundaries of discovering top talent by not only focusing on candidates with educational degrees and experience but also placing more emphasis on unlocking potential. We believe that everyone has something to offer and that diverse teams are better equipped to solve problems, innovate, and create a positive impact.

. Not all strong candidates will meet every single qualification. Research shows that people from underrepresented groups are more prone to experiencing imposter syndrome and doubting the strength of their candidacy. We urge you not to prematurely exclude yourself and to apply if you're interested in this work.



When available, the salary range posted for this position reflects the projected hiring range for new hire, full-time salaries in U.S. and/or Canada locations, not including equity or benefits. For non-sales roles the hiring ranges reflect base salary only; employees are also eligible to receive annual bonuses. Hiring ranges for sales positions include base and incentive compensation target. Individual pay is determined by the candidate's hiring location and additional factors, including but not limited to skillset, experience, and relevant education, certifications, or training. Applicants may not be eligible for the full salary range based on their U.S. or Canada hiring location. The recruiter can share more details about compensation for the role in your location during the hiring process.

U.S. employees have access to quality medical, dental and vision insurance, a 401(k) plan with a Cisco matching contribution, short and long-term disability coverage, basic life insurance and numerous wellbeing offerings.

Employees receive up to twelve paid holidays per calendar year, which includes one floating holiday (for non-exempt employees), plus a day off for their birthday. Non-Exempt new hires accrue up to 16 days of vacation time off each year, at a rate of 4.92 hours per pay period. Exempt new hires participate in Cisco’s flexible Vacation Time Off policy, which does not place a defined limit on how much vacation time eligible employees may use, but is subject to availability and some business limitations. All new hires are eligible for Sick Time Off subject to Cisco’s Sick Time Off Policy and will have eighty (80) hours of sick time off provided on their hire date and on January 1st of each year thereafter. Up to 80 hours of unused sick time will be carried forward from one calendar year to the next such that the maximum number of sick time hours an employee may have available is 160 hours. Employees in Illinois have a unique time off program designed specifically with local requirements in mind. All employees also have access to paid time away to deal with critical or emergency issues. We offer additional paid time to volunteer and give back to the community.

Employees On Sales Plans Earn Performance-based Incentive Pay On Top Of Their Base Salary, Which Is Split Between Quota And Non-quota Components. For Quota-based Incentive Pay, Cisco Typically Pays As Follows



1.5% of incentive target for each 1% of attainment between 50% and 75%;

1% of incentive target for each 1% of attainment between 75% and 100%; and once performance exceeds 100% attainment, incentive rates are at or above 1% for each 1% of attainment with no cap on incentive compensation.

For non-quota-based sales performance elements such as strategic sales objectives, Cisco may pay up to 125% of target. Cisco sales plans do not have a minimum threshold of performance for sales incentive compensation to be paid."
,,,,https://www.linkedin.com/jobs/view/software-engineering-intern-nrec-at-carnegie-mellon-university-4144970349?position=7&pageNum=0&refId=tvbCSK5k6Wu%2BpuBc2yiD0Q%3D%3D&trackingId=hiDfzTfl8pFxryYUVDKc5g%3D%3D,"Incumbent is a student performing an hourly paid internship.

We are seeking applicants for Software Engineer interns for the summer of 2025 to work with our teams at the National Robotics Engineering Center at Carnegie Mellon University in Lawrenceville in Pittsburgh. Successful applicants must be currently studying at the Undergraduate or Graduate level in one of the following disciplines: Robotics, Computer Vision, Machine Learning, Software Engineering or Computer Science, Computer Engineering, System Engineering, or similar related fields.

Projects you may support range from industrial machine operator assist systems to agricultural productivity tools and beyond to other automation, autonomy, or safety systems.









Internship Work Period: Must be available to work full-time (approximately 37.5 hours per week) during a 12-14 week period starting May 2025.



benefits eligible











Pittsburgh, PA



Non-CMU Students



Intern (Fixed Term)



Full time



Hourly"
,,,,https://www.linkedin.com/jobs/view/software-engineering-intern-central-management-office-at-uplift-education-4175589460?position=8&pageNum=0&refId=tvbCSK5k6Wu%2BpuBc2yiD0Q%3D%3D&trackingId=7ZiWkRB3sw0xwncGoRE%2Fkw%3D%3D,"Mission Statement:









The Road to College and Career Tech Career Services Software Engineer Intern will support the Tech Career Services team and/or other department teams in planning and executing summer strategic priorities, programs and initiatives. This role will be based out of the Uplift CMO Dallas office but may offer flexibility of remote work (determined by intern lead). Review and built AI based tool to complement tech career advising.


















While performing the duties of this position, the employee is regularly required to sit and use the wrists, hands and/or fingers. The employee is occasionally required to stand; walk; climb or balance. The employee must occasionally lift and/or move up to 25 pounds. Specific vision abilities required by this job include close vision, distance vision, color vision, depth perception and ability to adjust focus. Work at a desk and computer screen for extended periods of time



Occasional district-wide travel; occasional prolonged and irregular hours.

$17/hr.



Apply online

All your information will be kept confidential according to EEO guidelines.

Uplift Education is an equal employment opportunity employer and will not discriminate against any employee or applicant on the basis of age, color, disability, gender, national origin, race, religion, sexual orientation, veteran status, or any classification protected by federal, state or local law."
,,,,https://www.linkedin.com/jobs/view/software-engineering-intern-network-security-group-summer-2025-at-juniper-networks-4178402656?position=9&pageNum=0&refId=tvbCSK5k6Wu%2BpuBc2yiD0Q%3D%3D&trackingId=tUlUQGOGGbq3S4R3WDgiXg%3D%3D,"At Juniper, we believe the network is the single greatest vehicle for knowledge, understanding, and human advancement the world has ever known.

To achieve real outcomes, we know that experience is the most important requirement for networking teams and the people they serve. Delivering an experience-first, AI-Native Network pivots on the creativity and commitment of our people. It requires a consistent and committed practice, something we call the Juniper Way.



Juniper Networks is seeking students who are interested in Software Engineering Summer Internships. Candidates must be in enrolled in a Bachelor’s, Master’s, or PhD program, preferably in EE, CS, or CE, graduating December 2025 or later.

We’re looking for Students who are excited about building infrastructure that global businesses rely on -- robust, high-performance software. Our environment is highly collaborative, fostering learning and teamwork, and encouraging all Junivators to take ownership of our collective success.

The network security organization develops next-generation security products that enable efficient global communication. The team is seeking open-minded individuals with a track record of accomplishment and follow-through. Responsibilities and project areas vary by group. We recognize that you will bring your own unique skills and interests, and you will be matched to teams and projects accordingly.

Job Duties for software QA roles ：



Required background and skills:



Preferred Qualifications and Interests:



In addition, you will join our comprehensive University Talent Program that fosters personal as well as professional growth, thoroughly preparing interns for the next step in their careers. Juniper internships are project-based, allowing interns to solve important problems, make lasting impacts on their teams, and contribute to the company’s overall objectives. Interns are mentored by some of the most talented and skillful innovators in the industry; you will connect with transformative thought leaders who promote disruptive ideas in their field. You will also participate in constructive professional workshops, company-wide community service initiatives, and an executive speaker series. You’ll build lasting friendships, expand your network, and connect with colleagues from around the world.

At Juniper Networks, you will not only have opportunities to build real-life, hands-on work experience – you’ll also have the chance to learn from the best and lay the groundwork for a successful career.

Minimum Salary: $84,000.80

Maximum Salary:$120,750.55

The pay range for this position is expected to be between $84,000.80 and $120,750.55/year; however, the base pay offered may vary depending on multiple individualized factors, including market location, job-related knowledge, skills, and experience. The total compensation package for this position also includes medical benefits, 401(k) eligibility, vacation, sick time, and parental leave. Additional details of participation in these benefit plans will be provided if an employee receives an offer of employment.

If hired, employee will be in an “at-will position” and the Company reserves the right to modify base salary (as well as any other payment or compensation program) at any time, including for reasons related to individual performance, Company or individual department/team performance, and market factors.

Juniper’s pay range data is provided in accordance with local state pay transparency regulations. Juniper may post different minimum wage ranges for permanent residency petitions pursuant to US Department of Labor requirements.



Juniper Networks challenges the inherent complexity that comes with networking and security in the multicloud era. We do this with products, solutions and services that transform the way people connect, work and live. We simplify the process of transitioning to a secure and automated multicloud environment to enable secure, AI-driven networks that connect the world. Additional information can be found at Juniper Networks (www.juniper.net) or connect with Juniper on Twitter, LinkedIn and Facebook.



Wherever you are in the world, whether it's downtown Sunnyvale or London, Westford or Bangalore, Juniper is a place that was founded on disruptive thinking - where colleague innovation is not only valued, but expected. We believe that the great task of delivering a new network for the next decade is delivered through the creativity and commitment of our people. The Juniper Way is the commitment to all our colleagues that the culture and company inspire their best work-their life's work. At Juniper we believe this is more than a job - it's an opportunity to help change the world...



At Juniper Networks, we are committed to elevating talent by creating a trust-based environment where we can all thrive together. We know from experience that people from underrepresented groups often do not apply for roles they do not feel they meet all the criteria for. If you think you have what it takes, but do not necessarily check every single box, please consider applying. We’d love to speak with you.





In compliance with federal law, all persons hired will be required to verify identity and eligibility to work in the United States and to complete the required employment eligibility verification form upon hire.

Juniper Networks participates in the E-Verify program. E-Verify is an Internet-based system operated by the Department of Homeland Security (DHS) in partnership with the Social Security Administration (SSA) that allows participating employers to electronically verify the employment eligibility of new hires and the validity of their Social Security Numbers.



E-Verify® is a registered trademark of the U.S. Department of Homeland Security.

Juniper is an Equal Opportunity workplace and Affirmative Action employer. We do not discriminate in employment decisions on the basis of race, color, religion, gender (including pregnancy), national origin, political affiliation, sexual orientation, gender identity or expression, marital status, disability, genetic information, age, veteran status, or any other applicable legally protected characteristic. All employment decisions are made on the basis of individual qualifications, merit, and business need."
,,,,https://www.linkedin.com/jobs/view/strategic-student-program-xcelerator-security-software-engineering-intern-summer-2025-fto-at-siemens-eda-siemens-digital-industries-software-4171424337?position=10&pageNum=0&refId=tvbCSK5k6Wu%2BpuBc2yiD0Q%3D%3D&trackingId=Zon0G3QQUjf3XPCKTbjFcA%3D%3D,"Siemens Industry Software Inc.

Strategic Student Program (SSP)

Discover your career with us at Siemens Industry Software!

We are a leading global software company dedicated to the world of computer aided design, 3D modeling and simulation— helping innovative global manufacturers design better products, faster! With the resources of a large company, and the energy of a software start-up, we have fun together while creating a world class software portfolio. Our culture encourages creativity, welcomes fresh thinking and focuses on growth, so our people, our business, and our customers can achieve their full potential.

We’re currently recruiting students for our Summer 2025 Strategic Student Program. Our intern positions will allow you to find a career path that most inspires you. Here, you will apply your education to solve real-world problems, and turn theory into practice. At Siemens, our goal is to empower our students to become the next leaders of our company.

Baseline Requirements:



Perks:



Software Engineering Intern

Siemens Xcelerator Security Team

The Siemens Xcelerator Identity and Access Management (XIAM) service is at the core of all Siemens Xcelerator services, and it provides the necessary support for account, group, user, and access management. All incoming request authentication and authorization is handled by XIAM, thus providing secure access to all resources and services. In this group you will help define new approaches and create fresh functionality.

Key Responsibilities:



Qualifications:



#SSP

We are Siemens

A collection of over 377,000 minds building the future, one day at a time in over 200 countries. We're dedicated to equality, and we welcome applications that reflect the diversity of the communities we work in. All employment decisions at Siemens are based on qualifications, merit, and business need. Bring your curiosity and creativity and help us shape tomorrow! We offer a comprehensive reward package which includes a competitive basic salary, bonus scheme, generous holiday allowance, pension, and private healthcare.

Siemens Software. Transform the Everyday. Accelerate Transformation

Working at Siemens Software | Why us?

Working at Siemens Software means flexibility - Choosing between working at home and the office at other times is the norm here. We offer great benefits and rewards, as you'd expect from a world leader in industrial software.

The hourly range for this position is $22.00 to $50.00 for technical roles or $18.00 to $44.00 for non-technical positions. Siemens offers a variety of health and wellness benefits to employees. Details regarding our benefits can be found here: www.benefitsquickstart.com. In addition, this position is eligible for time off in accordance with Company policies, including paid sick leave and paid volunteer time off.

We are an equal opportunity employer and value diversity at our company. We do not discriminate based on race, religion, color, national origin, sex, gender, gender expression, sexual orientation, age, marital status, veteran status, or disability status.

We will ensure that individuals with disabilities are provided reasonable accommodation to participate in the job application or interview process, to perform essential job functions, and to receive other benefits and privileges of employment. Please contact us to request accommodation.

Equal Employment Opportunity Statement

Siemens is an Equal Opportunity and Affirmative Action Employer encouraging diversity in the workplace. All qualified applicants will receive consideration for employment without regard to their race, color, creed, religion, national origin, citizenship status, ancestry, sex, age, physical or mental disability unrelated to ability, marital status, family responsibilities, pregnancy, genetic information, sexual orientation, gender expression, gender identity, transgender, sex stereotyping, order of protection status, protected veteran or military status, or an unfavorable discharge from military service, and other categories protected by federal, state or local law.

Reasonable Accommodations

If you require a reasonable accommodation in completing a job application, interviewing, completing any pre-employment testing, or otherwise participating in the employee selection process, please fill out the accommodations form by clicking on this link Accommodation for disability form. If you’re unable to complete the form, you can reach out to our AskHR team for support at 1-866-743-6367. Please note our AskHR representatives do not have visibility of application or interview status.

EEO is the Law

Applicants and employees are protected under Federal law from discrimination. To learn more, Click here.

Pay Transparency Non-Discrimination Provision

Siemens follows Executive Order 11246, including the Pay Transparency Nondiscrimination Provision. To learn more, Click here.

California Privacy Notice

California residents have the right to receive additional notices about their personal information. To learn more, click here.

Criminal History

Qualified applications with arrest or conviction records will be considered for employment in accordance with applicable local and state laws.

Show more"
,,,,https://www.linkedin.com/jobs/view/engineering-engines-intern-%E2%80%93-computer-or-software-engineering-%E2%80%93-us-%E2%80%93-summer-2026-returning-students-at-ge-aerospace-4181016950?position=11&pageNum=0&refId=tvbCSK5k6Wu%2BpuBc2yiD0Q%3D%3D&trackingId=WWn2%2F2%2FXY2cHJAGK8ZMUng%3D%3D,"Job Description Summary

Are you ready to see your future take flight? At GE Aerospace, we believe the world works better when it flies. We are a world-leading provider of jet engines, components, and integrated systems for commercial and military aircraft. We have a relentless dedication to the future of safe and more sustainable flight and believe in our talented people to make it happen.



Job Summary:

Help invent the future of flight, lift people up, and bring them home safely as a GE Aerospace intern or co-op! At GE Aerospace, safety and quality are our top priorities, and you’ll be part of a team that upholds these values while working on challenging, real-world problems to design aircraft engines for commercial and military applications & support through service life. You’ll build professional and technical skills in an engineering role, with access to mentorship and training programs. Develop relationships with other interns and leaders while preparing for a potential full-time position after graduation, either through one of our fantastic leadership programs or direct hire opportunities.

An Aerospace Engineering Engines Computer and Software Engineering intern/co-op may experience work in an area such as the development of engine controls; gas turbine engine sensors; electrical power systems; vehicle health & data management systems; data collection and computing systems; real-time data analytics; embedded controls; engine test systems and integration. Responsibilities may include design, analysis, testing, writing software requirements, software testing, simulation, tool development, and product/program support. Ultimately, you’ll be placed taking your preferences into account while also considering your major, year of schooling, and business needs at the time of placement.







Any offer of employment is conditioned upon the successful completion of a background investigation and drug screen. Legal authorization to work in the U.S. is required. We will not sponsor individuals for employment visas, now or in the future, for this job opening.







Pay rates for this position begin at $20/hour and increase for each undergraduate year completed. Relocation support and housing assistance is available for those who relocate to a new city.









GE Aerospace offers a great work environment, professional development, challenging careers, and competitive compensation. GE Aerospace is an Equal Opportunity Employer. Employment decisions are made without regard to race, color, religion, national or ethnic origin, sex, sexual orientation, gender identity or expression, age, disability, protected veteran status or other characteristics protected by law.

GE Aerospace will only employ those who are legally authorized to work in the United States for this opening. Any offer of employment is conditioned upon the successful completion of a drug screen (as applicable).

Yes"
,,,,https://www.linkedin.com/jobs/view/software-project-management-intern-at-leepfrog-technologies-4150916693?position=12&pageNum=0&refId=tvbCSK5k6Wu%2BpuBc2yiD0Q%3D%3D&trackingId=6FDYJHc1toQ4fvPaiPlvmA%3D%3D,"Description

Position Title: Software Project Management Intern

Location: Coralville, IA (On-Site / Hybrid)

Temporary / Seasonal Internship (Summer 2025)

May 12, 2025 – August 15, 2025



Leepfrog Technologies, Inc. provides its CourseLeaf software to more than 500 of the nation’s most academically complex colleges and universities to manager their academic catalogs, curriculum, section scheduling, registration, and syllabi management.

The Software Project Management Intern will work with our Software Support Department and will have an excellent opportunity to gain hands-on experience in managing software-support projects while developing technical and organizational skills. The ideal candidate will have strong planning and coordination skills, be knowledgeable in software development, and have a passion for education and student success.













The Software Project Management Intern position is considered sedentary and will use office equipment, phones, and computers. This position may be located in an office or be work-from-home and at times be faced with interruptions.

Show more"
,,,,https://www.linkedin.com/jobs/view/systems-engineer-intern-cec-at-epsilon-systems-solutions-inc-4162013031?position=13&pageNum=0&refId=tvbCSK5k6Wu%2BpuBc2yiD0Q%3D%3D&trackingId=pnQmQmSTllXTeZTsLiEMAw%3D%3D,"Epsilon C5I (www.epsilonsystems.com/c5i), focused on software development and systems engineering for intelligence and combat systems is seeking a Systems Engineer Intern for work in Largo, FL. Our engineer efforts are designed to support a real-time sensor netting system that enables high quality situational awareness and integrated fire control capability. If you have a passion for excellence in engineering and enjoy working on challenging projects in a fast-paced, team-oriented environment, then this role is for you!

















Epsilon Systems Solutions, Inc. and its subsidiaries are proud to be Equal Employment Opportunity and Affirmative Action employers, Minority/Female/Disabled/Veterans."
,,,,https://www.linkedin.com/jobs/view/machine-learning-engineer-intern-summer-2025-at-turion-space-4139288564?position=14&pageNum=0&refId=tvbCSK5k6Wu%2BpuBc2yiD0Q%3D%3D&trackingId=4HjM3MH%2FCcPr%2FMTJRt4ogw%3D%3D,
,,,,https://www.linkedin.com/jobs/view/strategic-student-program-software-development-intern-summer-2025-ebs-at-siemens-digital-industries-software-4107668711?position=15&pageNum=0&refId=tvbCSK5k6Wu%2BpuBc2yiD0Q%3D%3D&trackingId=JygWmfW9nJuHdGc%2BdmWaBA%3D%3D,
,,,,https://www.linkedin.com/jobs/view/software-education-intern-at-the-reynolds-and-reynolds-company-4127257264?position=16&pageNum=0&refId=tvbCSK5k6Wu%2BpuBc2yiD0Q%3D%3D&trackingId=xtiTbntJUfMO4Fd%2FqchYhg%3D%3D,"Position description:

As a Software Education Intern, you will assist with updating our course materials designed to help our customers understand and learn about the products and solutions sold by Reynolds and Reynolds.

Your primary duties will consist of helping improve courses by applying instructor updates to training material, creating data for course use and other duties as assigned. Some updates could include changes to text, screen images and making revisions using Madcap Flare – previous experience with this program is not required.

Requirements:



Benefits:

At our Houston office, you can take advantage of our great training programs and facility amenities, including an onsite dining facility offering complimentary breakfast and lunch, and an onsite medical center. We also offer a wide variety of sports and social leagues to participate in after work, along with volunteering initiatives through our Associate Foundation.

Reynolds and Reynolds promotes a healthy lifestyle by providing a non-smoking environment. Reynolds and Reynolds is an equal opportunity employer."
,,,,https://www.linkedin.com/jobs/view/intern-software-engineering-pss-at-federal-signal-corporation-4173898891?position=17&pageNum=0&refId=tvbCSK5k6Wu%2BpuBc2yiD0Q%3D%3D&trackingId=13mgRE51kFl8QYeGRrOlHg%3D%3D,"Federal Signal is looking to hire for our 2025 Summer Internship Program!

Those hired for the program will work from May 19, 2025 through August 8, 2025.

We are looking for students that are pursuing a 4-yr degree in Software Engineering.



Engineering - Student pursuing a bachelor’s degree in software engineering.











Federal Signal in University Park is a leading manufacturer and supplier of comprehensive systems and products used to protect people and property. Our products and integrated solutions include systems for campus and community alerting, emergency vehicles, first responder interoperable communications, industrial communications, and command and municipal networked security. Specific products include: lightbars and sirens, public warning sirens and public safety software.

Federal Signal Corporation (NYSE: FSS) builds and delivers equipment of unmatched quality that moves material, cleans infrastructure, and protects the communities where we work and live. Founded in 1901, Federal Signal is a leading global designer and manufacturer of products and total solutions that serve municipal, governmental, industrial and commercial customers. Headquartered in Downers Grove, IL, with manufacturing facilities worldwide, the Company operates two groups: Environmental Solutions and Safety and Security Systems. For more information on Federal Signal, visit: www.federalsignal.com

The Company is an equal opportunity employer. Qualified applicants will not be discriminated against on the basis of, and will receive consideration for employment without regard to, race, color, religion, national origin, sex, sexual orientation, gender identity, age, disability, genetic information, status as a protected veteran, or any other protected category, characteristic, or trait under applicable law. If you require reasonable accommodation in the application process, contact Human Resources at HR@federalsignal.com. All other applications must be submitted online."
,,,,https://www.linkedin.com/jobs/view/software-management-information-systems-intern-summer-2025-at-retensa-employee-retention-4149195869?position=18&pageNum=0&refId=tvbCSK5k6Wu%2BpuBc2yiD0Q%3D%3D&trackingId=o3jq6t98sBZ%2BURho1gQIWA%3D%3D,"Software Management Information Systems Intern (Product Management, NYC): Summer 2025

What You Will Do: Retensa’s Technology Interns will work in a fast-paced and forward-thinking environment to assist in the design, architecture, and deployment of cloud-based Software as a Service applications, new websites and mobile application programs. While gaining true hands-on experience, you will engage in real-world cross-functional technology problem solving from the ground up. In addition, the internship provides insight on innovative solutions to help us respond to changing markets with speed and flexibility.

.

The internship is for focused individuals with previous software skills desiring real-world experience to expand your knowledge and develop your career in a short period of time.

_________________________________________________________________________________________________________________________________________

Who We Are: Retensa is internationally recognized as a thought leader by ABC News, , the , , and the as a leader and innovator of Employee Retention Strategies and Workforce Technology. Retensa provides talent management solutions to mid-size and large firms in 56 countries and 18 languages with a mission of creating workplaces where every employee is engaged by what they do and inspired by who they work for. Retensa helps employers reduce staff turnover, improve morale, and mine HR data for predictive analytics.

What Our Customers Say: Retensa Reviews 2025 - Details, Pricing, & Features | G2

What We Believe: Retensa views internships as a way to enhance your career and personal growth while we achieve collaborative innovation. As an intern with us, you will be at the forefront of Management Consulting, Cloud Technology, and Rapid Application Development.

What You Are: Candidates should be hard working, enthusiastic, and resourceful Seniors or Graduate students in CS, CIS, Web Tech, IT, or MIS. Candidates must have experience in any TWO of the following:



: Strict Minimum 3.0 GPA. Prior web technology skills of any kind are Automation testing experience is





The ideal software engineering intern applicant should be proficient in English and possess good written and verbal communication skills. This person should be a strong team player with a positive attitude.

Time/Compensation: Minimum 24+ hours/week; Days/Week: 3-4. A stipend of $500-$1000 will be provided upon completion of the internship.

This is a remote stipend internship for approximately sixteen weeks. High-performing individuals have received a job offer for a paid position post-completion of their internship."
,,,,https://www.linkedin.com/jobs/view/video-experience-software-engineer-intern-global-streamingmedia-2025-summer-fall-bs-ms-at-bytedance-4182903401?position=19&pageNum=0&refId=tvbCSK5k6Wu%2BpuBc2yiD0Q%3D%3D&trackingId=ClEQyG74CG6%2FVc%2F8gB4nag%3D%3D,N/A
,,,,https://www.linkedin.com/jobs/view/intern-software-project-management-summer-2025-at-biom%C3%A9rieux-4181828027?position=20&pageNum=0&refId=tvbCSK5k6Wu%2BpuBc2yiD0Q%3D%3D&trackingId=MtQiNl1zGZ9%2FzTZ0CXvQCQ%3D%3D,"Description

Position Summary & Responsibilities:

This internship is anticipated to run from May - August 2025, working an average of 40 hours/week based in Salt Lake City. Relocation assistance is not available.

You will support a technical development team with an understanding of the project timelines and project plans. As a Project Manager, you are expected to work efficiently with the management and development to produce high quality software and system documentation. You will work on several efforts simultaneously. Your ability to work as part of a team, manage time effectively, think analytically, and communicate effectively will help you be successful in this role.






#biojobs

Please be aware that recruitment related scams are on the rise. Fraudulent job postings are being placed on other websites, and individuals posing as bioMérieux Talent Acquisition team members are reaching out via email or text message in an attempt to collect your personal and confidential information. In some cases, these scammers are also conducting bogus interviews prior to extending fraudulent offers of employment. Beware of individuals reaching out using general phone numbers and non-bioMerieux email domains (i.e. Hotmail.com, Gmail.com, Yahoo.com, etc.). If you are concerned that an interview experience or offer of employment might be a scam, please make sure you are searching for the posting on our careers site https://careers.biomerieux.com/ or contact us at [email protected].

BioMérieux Inc. and its affiliates are Equal Opportunity/Affirmative Action Employers. All qualified applicants will receive consideration for employment without regard to race, color, religion, sex, sexual orientation, gender identity, national origin, age, protected veteran or disabled status, or genetic information. Please be advised that the receipt of satisfactory responses to reference requests and the provision of satisfactory proof of an applicant’s identity and legal authorization to work in the United States are required of all new hires. Any misrepresentation, falsification, or material omission may result in the failure to receive an offer, the retraction of an offer, or if already hired, dismissal. If you are a qualified individual with a disability, you may request a reasonable accommodation in BioMérieux’s or its affiliates’ application process by contacting us via telephone at (385) 770-1132, by email at [email protected], or by dialing 711 for access to Telecommunications Relay Services (TRS).
Show more"
,,,,https://www.linkedin.com/jobs/view/software-marketing-intern-at-assa-abloy-group-4181858388?position=21&pageNum=0&refId=tvbCSK5k6Wu%2BpuBc2yiD0Q%3D%3D&trackingId=4ZvTUrbq5eplsn8GpeonsA%3D%3D,"Job Summary

We are looking for a motivated and enthusiastic Software Marketing Intern to join our dynamic Marketing team. As a Software Marketing Intern, you will be integrated into the day-to-day activities of the Marketing team. This is an excellent opportunity to learn and gain hands-on experience in the field of Marketing.




Education and Experience Profile



The above information on this description has been designed to indicate the general nature and level of work performed by employees within this job/classification. It is not designed to contain or be interpreted as a comprehensive inventory of all duties, responsibilities, and qualifications required of employees assigned to this job.

ASSA ABLOY is an Equal Employment Opportunity employer.



Our people have made us the global leader in access solutions. In return, we open doors for them wherever they go. With nearly 61,000 colleagues in more than 70 different countries, we help billions of people experience a more open world. Our innovations make all sorts of spaces – physical and virtual – safer, more secure, and easier to access.

As an employer, we value results – not titles, or backgrounds. We empower our people to build their career around their aspirations and our ambitions – supporting them with regular feedback, training, and development opportunities. Our colleagues think broadly about where they can make the most impact, and we encourage them to grow their role locally, regionally, or even internationally.

As we welcome new people on board, it’s important to us to have diverse, inclusive teams, and we value different perspectives and experiences."
,,,,https://www.linkedin.com/jobs/view/scientific-software-development-intern-coarse-grained-modeling-of-lipid-nanoparticles-at-schr%C3%B6dinger-4174195220?position=22&pageNum=0&refId=tvbCSK5k6Wu%2BpuBc2yiD0Q%3D%3D&trackingId=lSvU2E%2Bg4o00qSt6vbMs6A%3D%3D,"Schrödinger seeks a Scientific Software Development Intern for Coarse-Grained Modeling of Lipid Nanoparticles (MD) to join us in our mission to improve human health and quality of life by developing and applying advanced computational methods.

As a member of our Desmond team, you’ll help develop prototypes for and apply our suite of tools for simulating and computationally characterizing lipid nanoparticles to aid in the development of formulations for new therapeutics. Your experience with computational chemistry, particularly coarse-grained simulation techniques will help you make key contributions to advancements the solutions that we provide to the pharmaceutical industry.















Schrödinger understands it’s people that make a company great. Because of this, we’re prepared to offer a competitive salary and a wide range of benefits. We have catered meals in the office and a company culture that is relaxed but engaged. Our Office Management team also plans a myriad of fun company-wide events. Schrödinger is honored to have been included in Newsweek's list of America's 100 Most Loved Workplaces.

. Actual compensation package is dependent on a number of factors, including, for example, experience, education, degrees held, market data, and business needs. If you have any questions regarding the compensation for this role, do not hesitate to reach out to a member of our Strategic Growth team.

Sound exciting? Apply today and join us!"
,,,,https://www.linkedin.com/jobs/view/r-d-network-test-software-intern-at-keysight-technologies-4165623876?position=23&pageNum=0&refId=tvbCSK5k6Wu%2BpuBc2yiD0Q%3D%3D&trackingId=8rYIdP409%2BS%2BP2Zd7HFALQ%3D%3D,N/A
,,,,https://www.linkedin.com/jobs/view/vehicle-control-software-intern-at-hyundai-america-technical-center-inc-hatci-4143057489?position=24&pageNum=0&refId=tvbCSK5k6Wu%2BpuBc2yiD0Q%3D%3D&trackingId=g%2FrqR1i5pEKV%2FJ89rpoMXg%3D%3D,Work closely with project engineers to develop vehicle motion control and state estimation features
,,,,https://www.linkedin.com/jobs/view/cds-summer-intern-it-member-communications-transactional-at-costco-wholesale-4177331441?position=25&pageNum=0&refId=tvbCSK5k6Wu%2BpuBc2yiD0Q%3D%3D&trackingId=UYkqMr5SlDMZbpvdIRMuDA%3D%3D,"Costco IT is responsible for the technical future of Costco Wholesale, the third largest retailer in the world with wholesale operations in fourteen countries. Despite our size and explosive international expansion, we continue to provide a family, employee centric atmosphere in which our employees thrive and succeed.

This is an environment and the secret of Costco’s success is its culture. The value Costco puts on its employees is well documented in articles from a variety of publishers including Bloomberg and Forbes. Our employees and our members come FIRST. Costco is well known for its generosity and community service and has won many awards for its philanthropy. The company joins with its employees to take an active role in volunteering by sponsoring many opportunities to help others.

Come join the . Costco IT is a dynamic, fast-paced environment, working through exciting transformation efforts. We are building the next generation retail environment where you will be surrounded by dedicated and highly professional employees.

The is inviting students currently enrolled in an IT undergraduate or graduate program at a college or university to participate in a 12-week paid internship program during the Summer of 2025. Interns will work within specific areas in Costco’s Information Systems Division. Interns will attend presentations given by various members of Executive Management from IT and other areas of the Company. Interns will be responsible for their own travel and accommodation expenses. Housing is not provided. The program runs mid-June to early September and is located in Issaquah, WA. No out of state work allowed.

The works with a group of Software Engineer Technology professionals supported by mentors that are experienced in Costco’s culture and technology landscape. This team is responsible for supporting the technology stack used by the various marketing departments within Costco. As part of a group, the intern will meet with Marketing Technology management, team members, and stakeholders on a weekly basis to provide regular progress updates and receive feedback. At the end of the internship, the intern is expected to deliver a working use case from the current release plan and present a solution to a larger group of IT, as well as business representatives.

NOTE: While participating in the IT Internship program, an individual will be classified as an hourly temporary employee for the duration of the program. During the program, the individual may be asked to undergo the normal interview process for a level 1 position. If the individual is offered a position, they will be converted to the employment status matching open job they were selected for. Internships last for twelve weeks. If they are not selected for a regular position, the internship position will be complete in a maximum of twelve weeks.

If you want to be a part of one of the worldwide simply apply and let your career be reimagined.

















California applicants, please click here to review the Costco Applicant Privacy Notice."
,,,,https://www.linkedin.com/jobs/view/estimating-intern-weeks-dredging-division-summer-2025-at-weeks-marine-inc-4153089846?position=26&pageNum=0&refId=tvbCSK5k6Wu%2BpuBc2yiD0Q%3D%3D&trackingId=FMzRA6OS80oxrvt0ITJ2ag%3D%3D,"Requisition ID: 175416

Job Level: Internship

Home District/Group: Weeks Marine - Dredging

Intern

Marine

Full Time Temporary



As an estimating intern, you will be an integral part of our marine based Dredging Division. In this position, you will prepare, review and present discipline estimates for specific project proposal activities. In this role, you will provide estimating assistance and guidance for Dredging projects, develop conceptual estimates and performs cost analysis.



Established in 1919, Weeks Marine, Inc. is one of the largest marine, dredging and tunneling contractors in North America and has successfully completed projects throughout North and South America, from inland waterways to offshore sites in the Pacific and the Atlantic. Weeks Marine has three key divisions – Construction, Dredging and Marine Services – which are bolstered by three major subsidiaries, Healy Tibbitts Builders, Inc., McNally International, Inc. and North American Aggregates.

Weeks Marine’s vast reach and deep expertise, combined with the sheer size and diversity of its equipment fleet, enables the company to serve as a one-stop shop for clients in both the private and governmental sectors, providing exceptional customer service, environmental sensitivity, operational efficiency, and a long-standing commitment to safety. Weeks Marine is headquartered in Cranford, New Jersey, and manages a network of regional offices in Louisiana, Texas, Hawaii, Guam, Ontario, and Nova Scotia.



This position will be based out of the Convington, Louisiana office.











Other Requirements:




We offer our fulltime staff employees a comprehensive benefits package that’s among the best in our industry, including top-tier medical, dental and vision plans covering eligible employees and dependents, voluntary wellness and employee assistance programs, life insurance, disability, retirement plans with matching, and generous paid time off.

Equal Opportunity Employer, including disability and protected veteran status.
Show more"
,,,,https://www.linkedin.com/jobs/view/sustaining-engineering-intern-summer-at-formlabs-4152627747?position=27&pageNum=0&refId=tvbCSK5k6Wu%2BpuBc2yiD0Q%3D%3D&trackingId=67haMKpDxBSpm9pKYUqm3Q%3D%3D,N/A
,,,,https://www.linkedin.com/jobs/view/cds-summer-intern-it-member-communications-transactional-at-costco-it-4176562186?position=28&pageNum=0&refId=tvbCSK5k6Wu%2BpuBc2yiD0Q%3D%3D&trackingId=rfYw5oOLy%2BBVViYPAGkz6w%3D%3D,
,,,,https://www.linkedin.com/jobs/view/product-management-intern-workforce-services-and-solutions-at-hp-4063340069?position=29&pageNum=0&refId=tvbCSK5k6Wu%2BpuBc2yiD0Q%3D%3D&trackingId=Ak4PMvASnEA7ViZzShftCg%3D%3D,
,,,,https://www.linkedin.com/jobs/view/sustainability-summer-intern-at-syska-hennessy-group-4099134023?position=30&pageNum=0&refId=tvbCSK5k6Wu%2BpuBc2yiD0Q%3D%3D&trackingId=Ee9UfYSyUiLCFqtHxureuw%3D%3D,
,,,,https://www.linkedin.com/jobs/view/traffic-transportation-intern-at-city-of-san-carlos-4175195736?position=31&pageNum=0&refId=tvbCSK5k6Wu%2BpuBc2yiD0Q%3D%3D&trackingId=VLiAbBLCIitUS6sn7QjmqA%3D%3D,N/A
,,,,https://www.linkedin.com/jobs/view/sales-analytics-intern-at-hp-4173385483?position=32&pageNum=0&refId=tvbCSK5k6Wu%2BpuBc2yiD0Q%3D%3D&trackingId=jMA4vvmDW53h%2BUyIG9MriQ%3D%3D,
,,,N/A,https://www.linkedin.com/jobs/view/sales-intern-%E2%80%93-reputation-management-software-at-boda-insights-4182841874?position=33&pageNum=0&refId=tvbCSK5k6Wu%2BpuBc2yiD0Q%3D%3D&trackingId=JsDAUQrTZBm5GoQX40RVgQ%3D%3D,Sales Intern – Reputation Management Software (Commission + Equity only)
,,,,https://www.linkedin.com/jobs/view/software-engineer-ai-intern-summer-2025-at-notion-4164549864?position=34&pageNum=0&refId=tvbCSK5k6Wu%2BpuBc2yiD0Q%3D%3D&trackingId=goAg94zS30j%2B5Nf52gB3HA%3D%3D,
,,,,https://www.linkedin.com/jobs/view/software-engineer-ai-intern-summer-2025-at-notion-4164559934?position=35&pageNum=0&refId=tvbCSK5k6Wu%2BpuBc2yiD0Q%3D%3D&trackingId=a2%2FzInLchiXLTiNa51Tflw%3D%3D,
,,,,https://www.linkedin.com/jobs/view/software-engineering-intern-summer-2025-at-acorns-4096785875?position=36&pageNum=0&refId=tvbCSK5k6Wu%2BpuBc2yiD0Q%3D%3D&trackingId=NKcEyAWQCOSmv4H00AvQLg%3D%3D,"At Acorns, our mission is to look after the financial best interests of the up-and-coming, beginning with the empowering, proud step of micro-investing. How do we accomplish our mission? Our values.

- With compassion, integrity, and tenacity, inspire yourself and others to move past all previous thresholds of possibility

- We are creating a new world. Be optimistic, adventurous, and courageous. Leap fearlessly into the future

- Say what you mean, mean what you say, and do what you say you’re going to do. We are all owners. We are one team

- Change IS the constant. Stay hungry and curious. Be relentless in the pursuit of progress

- Never settle, no excuses, nothing is impossible. Just make it happen

Our values guide us, and our mission drives us. Come join us and help deliver financial wellness for the whole family, putting the tools of wealth-making into everyone’s hands.

___________________________________________________________________________



Acorns is seeking current college Juniors (graduating in 2026) for software engineering internships across all of our engineering disciplines (Android, Backend, iOS, Web). The internship program will run for 10 weeks during Spring/Summer of 2025.

Software engineers are responsible for translating high-level business requirements for new Acorns products and features into the services and data models that power them. They think critically about how to architect and build new components in a performant and scalable manner. As a software engineer, your typical week will involve collaborating with product and other engineering teams such as mobile, frontend, and QA to plan and create new features and infrastructure to build reliable and cohesive financial products. We expect our interns to integrate into our teams as if they were full-time employees and take on work responsibilities just as any other new hire would. Acorns strives to provide an environment where interns have real-world experiences and effective mentorship.

We're looking for interns who love learning new technologies on the job, think creatively to solve complex problems, and enjoy working collaboratively.





Our Android app is loved by millions. We are looking for Android advocates who love the Android platform and want to work on a cutting edge Android app. Our app is built natively with Kotlin and our team collaborates with designers and product managers to build slick experiences for our users.



All of our products are built on a strong backend. We are looking for amazing software engineers to work on scalable backend services designed to securely work to help millions of customers invest and save money towards a healthier future.



We work to make the best native iOS app in the category. Our iOS devs work closely with product and design to build cutting edge user experiences loved by millions. This has led to numerous app store features and promotion inside apple stores across the country. We also work side by side with our iOS core team and backend teams to design clean interfaces and a scalable app.



Our web team members build state of the art web applications with React and Typescript. They work closely with our mobile teams and backend teams to design clean interfaces with GraphQL.



Acorns is a remote-first organization, offering the flexibility to work remotely while providing optional access to office space in Irvine, CA. This role has the option to be or based in our office.









You are not expected to have experience with all listed requirements. If you feel passionate about Acorns' mission, vision, and values, please apply.







Acorns is a financial wellness app that helps everyday people and families save and invest money for the long term. Since 2014, Acorns has grown into a global company with multiple life stage products serving the needs of kids, teens, adults and parents. Named one of Time’s “World’s Best Brands of 2024,” Acorns has helped over 13 million people save & invest over $22 billion dollars, much of it from spare change and small amounts.







The pay range for this position at commencement of employment is expected to be $25.00/hour.

If hired, employees will be in an “at-will position” and the Company reserves the right to modify hourly rates (as well as any other discretionary payment or compensation program) at any time, including for reasons related to individual performance, Company or individual department/team performance, and market factors.



Acorns participates in E-Verify to confirm the employment eligibility of all newly hired employees. For more information about E-Verify, please visitwww.e-verify.gov"
,,,N/A,https://www.linkedin.com/jobs/view/software-engineer-intern-at-structured-labs-4182296299?position=37&pageNum=0&refId=tvbCSK5k6Wu%2BpuBc2yiD0Q%3D%3D&trackingId=EBP%2F4K84oQkT62CbG4VwGQ%3D%3D,
,,,,https://www.linkedin.com/jobs/view/software-engineering-intern-summer-fall-2025-at-walt-disney-world-4178602874?position=38&pageNum=0&refId=tvbCSK5k6Wu%2BpuBc2yiD0Q%3D%3D&trackingId=rI2aOOAWXOzd4WlKfT8pQw%3D%3D,N/A
,,,,https://www.linkedin.com/jobs/view/software-engineer-intern-summer-2025-at-block-4172387915?position=39&pageNum=0&refId=tvbCSK5k6Wu%2BpuBc2yiD0Q%3D%3D&trackingId=MqhtvB2%2FimNiOk77AEdM8Q%3D%3D,"Block is one company built from many blocks, all united by the same purpose of economic empowerment. The blocks that form our foundational teams — People, Finance, Counsel, Hardware, Information Security, Platform Infrastructure Engineering, and more — provide support and guidance at the corporate level. They work across business groups and around the globe, spanning time zones and disciplines to develop inclusive People policies, forecast finances, give legal counsel, safeguard systems, nurture new initiatives, and more. Every challenge creates possibilities, and we need different perspectives to see them all. Bring yours to Block.



Our keep Block simple and make our users faster and smarter. We're looking for engineers of all skillsets, who are excited about building outstanding software and solving hard problems. Our challenges span many technologies, from web and mobile applications (iOS, Android) to server-side development (Java, Ruby). As an engineer at Block, you will work on a small team with people across engineering, product, and creative, building reliable, fast, responsive, and beautiful software.













We’re working to build a more inclusive economy where our customers have equal access to opportunity, and we strive to live by these same values in building our workplace. Block is an equal opportunity employer evaluating all employees and job applicants without regard to identity or any legally protected class. We also consider qualified applicants with criminal histories for employment on our team, and always assess candidates on an individualized basis.

We believe in being fair, and are committed to an inclusive interview experience, including providing reasonable accommodations to disabled applicants throughout the recruitment process. We encourage applicants to share any needed accommodations with their recruiter, who will treat these requests as confidentially as possible.

Block will consider qualified applicants with arrest or conviction records for employment in accordance with state and local laws and “fair chance” ordinances.





Privacy Policy"
,,,,https://www.linkedin.com/jobs/view/software-engineering-intern-summer-2025-at-reddit-inc-4184815899?position=40&pageNum=0&refId=tvbCSK5k6Wu%2BpuBc2yiD0Q%3D%3D&trackingId=dOcDrSB0eNTbxI%2F2guoVWg%3D%3D,"""

Please Note: Deadline to apply is Friday, March 21st

Job Description

Reddit is a community of communities where people can dive into anything through experiences built around their interests, hobbies, and passions. Our mission is to bring community, belonging, and empowerment to everyone in the world. Reddit users submit, vote, and comment on content, stories, and discussions about the topics they care about the most. From pets to parenting, there’s a community for everybody on Reddit and with over 50 million daily active uniques, it is home to the most open and authentic conversations on the internet. For more information, visit redditinc.com.

Reddit's Emerging Talent program is ready for our next cohort of interns, and we need Software Engineering Interns to join our crew! Are you a beginner Software Engineer with a dream of both coding and browsing subreddits at work? Well, you're in the right place! Reddit is in search of Software Engineering Interns to join our internship program (and we guarantee you'll get to do some of both!).





You'll gain exposure to how a real engineering team works, from sprint planning to shipping code.

From bootcamps to universities, small to medium and large companies, you'll work with engineers of many different experiences and levels. You'll have a formal mentor on your team guiding you throughout the summer as well!

whether that be through making it easier to create content on Reddit, serving up relevant content to users, fighting evil on the site, improving our mobile apps, or a number of other projects we have in the works.

complete with catered lunch, free snacks, and easy public transportation access to downtown SF!

Be a part of a new community, earn some Reddit swag and get to know the city during sponsored outings over the course of the summer.









The base pay range for this position is: $50 - $60/hour.





""
Show more"
,,,,https://www.linkedin.com/jobs/view/software-engineer-intern-summer-2025-at-okta-4153075214?position=41&pageNum=0&refId=tvbCSK5k6Wu%2BpuBc2yiD0Q%3D%3D&trackingId=N0qbMvSZONgWaWK4oZWNig%3D%3D,"Okta is The World’s Identity Company. We free everyone to safely use any technology—anywhere, on any device or app. Our Workforce and Customer Identity Clouds enable secure yet flexible access, authentication, and automation that transforms how people move through the digital world, putting Identity at the heart of business security and growth."
,,,,https://www.linkedin.com/jobs/view/software-engineer-intern-summer-2025-at-okta-4153075249?position=42&pageNum=0&refId=tvbCSK5k6Wu%2BpuBc2yiD0Q%3D%3D&trackingId=iQVqGzvYnavCcb2TRrYjig%3D%3D,N/A
,,,,https://www.linkedin.com/jobs/view/2025-intern-software-engineer-at-adobe-4002609871?position=43&pageNum=0&refId=tvbCSK5k6Wu%2BpuBc2yiD0Q%3D%3D&trackingId=fFKQ%2B%2Fl09yXRU6eqlgTETQ%3D%3D,
,,,,https://www.linkedin.com/jobs/view/software-engineering-intern-summer-2025-at-juniper-networks-4168379284?position=44&pageNum=0&refId=tvbCSK5k6Wu%2BpuBc2yiD0Q%3D%3D&trackingId=DgQy7ryaAvluQDZTOLW6Dg%3D%3D,
,,,,https://www.linkedin.com/jobs/view/software-engineer-intern-summer-2025-at-nextdoor-4143824091?position=45&pageNum=0&refId=tvbCSK5k6Wu%2BpuBc2yiD0Q%3D%3D&trackingId=6AsKLcrMLixFDHUjdi8Ekg%3D%3D,"#TeamNextdoor

Nextdoor (NYSE: KIND) is the essential neighborhood network. Neighbors, public agencies, and businesses use Nextdoor to connect around local information that matters in more than 340,000 neighborhoods across 11 countries. Nextdoor builds innovative technology to foster local community, share important news, and create neighborhood connections at scale. Download the app and join the neighborhood at .



You’ll join a collaborative team of developers, product managers, and designers who are passionate about using technology to foster a kinder, more connected world. Our tight-knit team of engineers wear multiple hats, working across various languages and services to deliver impactful, high-quality experiences for our neighbors.

Throughout your internship, you’ll be immersed in Nextdoor’s dynamic community and attend events that promote your professional and personal development, beginning with a thorough onboarding process. You’ll join team meetings, pair-programming sessions, Employee Resource Groups (ERGs), training and workshops, social events, coffee chats with our leadership team, a global volunteer day, and more! We look forward to hearing your ideas and working together to build a great product. Learn more about the experiences of our former interns here.



As a software engineer intern, you'll start contributing to our engineering stack and pushing code to production within your first two weeks. You'll engage in every phase of product development, from conception to launch and performance measurement, owning a project and collaborating with your team under the guidance of a mentor suited to your expertise in Mobile (Android/iOS), Web front-end, or backend infrastructure (Kotlin/Python/Go).

Over 12 weeks, you’ll gain hands-on experience solving real-world problems and defining features while collaborating closely with teammates across the organization, including data scientists, product managers, and designers in our San Francisco headquarters. Join us and drive innovation from day one in the neighborhood!









The salary for this role is $3,900, paid semi-monthly, plus a semi-monthly housing stipend of $1,000.



At Nextdoor, we empower our employees to build stronger local communities. To create a platform where all feel welcome, we want our workforce to reflect the diversity of the neighbors we serve. We encourage everyone interested in our mission to apply. We do not discriminate on the basis of race, gender, religion, sexual orientation, age, or any other trait that unfairly targets a group of people. In accordance with the San Francisco Fair Chance Ordinance, we always consider qualified applicants with arrest and conviction records.

For information about our collection and use of applicants’ personal information, please see Nextdoor's Personnel Privacy Notice, found here."
,,,,https://www.linkedin.com/jobs/view/software-engineer-intern-at-ziprecruiter-4134409289?position=46&pageNum=0&refId=tvbCSK5k6Wu%2BpuBc2yiD0Q%3D%3D&trackingId=I9A2VoyfRMAVoU%2F2qLGl6A%3D%3D,
,,,,https://www.linkedin.com/jobs/view/software-engineering-intern-summer-2025-at-sigma-4054800372?position=47&pageNum=0&refId=tvbCSK5k6Wu%2BpuBc2yiD0Q%3D%3D&trackingId=wBxX%2FCObfBNSJo%2FoQyhWNQ%3D%3D,"Sigma unlocks the value of data by delivering cloud-scale analytics and business intelligence with the simplicity of a spreadsheet, complete with pivot tables and dashboards. We empower business professionals and data teams to quickly explore, analyze, visualize, and collaborate, leveraging all of their data across the organization.



Sigma’s early career program is the launchpad for the next generation of engineers and innovators. As an Intern at Sigma, you’ll work on various production features and learn efficient engineering for large scalable systems. Our interns work directly with our engineers, product leaders, and designers across the organization everyday. We’re looking for students who bring curiosity, a spirit for collaboration, and a desire for shaping the future of business insights and data exploration.






Sigma’s Engineering organization is a dynamic, high performing team of Software Engineers who complement each other's skills. Our Engineers design, implement, and scale technical solutions that power our core product and enable our users to make data driven decisions in their businesses. As a , you will experiment, prototype, and implement features that help our global user base analyze and gather insights from their data. During your internship, you’ll partner directly with your engineering mentor, as well as collaborate with other teams across the business. From Product Designers, Product Managers, Sales, and, of course, actual users, you will collaborate across the company to determine the best solution for your technical challenge. Interns will take their project from ideation through implementation, iterating and gathering feedback along the way. As an intern, you will deploy features and gather insights from customer metrics to aid you in making better development decisions and improve your business acumen.













Interns at Sigma are compensated with an hourly rate and relocation bonus (where applicable). Our hourly rate for this role is $50.00 per hour.



Sigma is the only cloud analytics and business intelligence tool empowering business teams to break free from the confines of the dashboard, explore data for themselves, and make better, faster decisions. The award-winning software was built to capitalize on the performance power of cloud data warehouses to combine data sources and analyze billions of rows of data instantly via an intuitive, spreadsheet-like interface – no coding required.

Since launching with its unique interface, Sigma Computing has added features such as collaboration tools and embedded analytics capabilities. The most recent product launch included a set of AI tools such as forecasting capabilities, an AI copilot and a notebook interface for users who prefer a code-first environment.

Sigma announced its $200M in Series D financing in May 2024, to continue transforming BI through its innovations in AI infrastructure, data application development, enterprise-wide collaboration, and business user adoption. Spark Capital and Avenir Growth Capital co-led the Series D funding round, with additional participation from a group of past investors including Snowflake Ventures and Sutter Hill Ventures.The Series D funding, raised at a valuation 60% higher than the company’s Series C round three years ago, promises to further accelerate Sigma’s growth.

Come join us!






Sigma Computing is an equal opportunity employer. We are committed to building a smart and strong team regardless of race, color, ancestry, religion, sex, national origin, sexual orientation, age, citizenship, marital status, disability, gender, gender identity or expression, or veteran status. We look forward to learning how your experience can enable all of us to grow"
,,,,https://www.linkedin.com/jobs/view/software-engineering-intern-summer-2025-at-lenovo-4180596684?position=48&pageNum=0&refId=tvbCSK5k6Wu%2BpuBc2yiD0Q%3D%3D&trackingId=OHE%2Bd79DsqjYlG5QfYh1wQ%3D%3D,"We are Lenovo. We do what we say. We own what we do. We WOW our customers.

Lenovo is a US$57 billion revenue global technology powerhouse, ranked #248 in the Fortune Global 500, and serving millions of customers every day in 180 markets. Focused on a bold vision to deliver Smarter Technology for All, Lenovo has built on its success as the world’s largest PC company with a full-stack portfolio of AI-enabled, AI-ready, and AI-optimized devices (PCs, workstations, smartphones, tablets), infrastructure (server, storage, edge, high performance computing and software defined infrastructure), software, solutions, and services. Lenovo’s continued investment in world-changing innovation is building a more equitable, trustworthy, and smarter future for everyone, everywhere. Lenovo is listed on the Hong Kong stock exchange under Lenovo Group Limited (HKSE: 992) (ADR: LNVGY).

This transformation together with Lenovo’s world-changing innovation is building a more inclusive, trustworthy, and smarter future for everyone, everywhere. To find out more visit www.lenovo.com, and read about the latest news via our StoryHub.

This position is for an Associate Cloud Software Intern in the Cloud Software team, part of the Advanced Innovation Center. This role will work closely with Engineering, Security, DevOps, QA, and Architecture teams to develop highly scalable solutions that integrate client agents and cloud services. To be successful in this role, you are expected to be highly hands-on, have knowledge of basic software engineering concepts, and be motivated to learn new technologies."
,,,,https://www.linkedin.com/jobs/view/software-engineer-intern-summer-2025-at-centerfield-4177414792?position=49&pageNum=0&refId=tvbCSK5k6Wu%2BpuBc2yiD0Q%3D%3D&trackingId=K1Ho6%2BmKP%2FN56pjwGm3X2g%3D%3D,N/A
,,,,https://www.linkedin.com/jobs/view/software-engineering-intern-summer-2025-at-vantage-4179509068?position=50&pageNum=0&refId=tvbCSK5k6Wu%2BpuBc2yiD0Q%3D%3D&trackingId=3YF6oD%2BQBsr8cVZoBIZ4LA%3D%3D,
,,,,https://www.linkedin.com/jobs/view/software-engineer-i-intern-united-states-at-cisco-4034652789?position=51&pageNum=0&refId=tvbCSK5k6Wu%2BpuBc2yiD0Q%3D%3D&trackingId=x8D%2B9pmKXQjlUSzKp5GcJw%3D%3D,
,,,,https://www.linkedin.com/jobs/view/software-engineer-internship-summer-2025-at-datavisor-4148184387?position=52&pageNum=0&refId=tvbCSK5k6Wu%2BpuBc2yiD0Q%3D%3D&trackingId=cIIAmWCpwKueV1XuhSXnxg%3D%3D,"DataVisor is the world's leading AI-powered Fraud and Risk Platform that delivers the best overall detection coverage in the industry. With an open SaaS platform that supports easy consolidation and enrichment of any data, DataVisor's solution scales infinitely and enables organizations to act on fast-evolving fraud and money laundering activities in real time. Its patented unsupervised machine learning technology, advanced device intelligence, powerful decision engine, and investigation tools work together to provide guaranteed performance lift from day one. DataVisor's platform is architected to support multiple use cases across different business units flexibly, dramatically lowering total cost of ownership, compared to legacy point solutions. DataVisor is recognized as an industry leader and has been adopted by many Fortune 500 companies across the globe.

Our award-winning software platform is powered by a team of world-class experts in big data, machine learning, security, and scalable infrastructure. Our culture is open, positive, collaborative, and results-driven. Come join us!



As a Platform Software Engineer Intern, you will gain hands-on experience in building a next-generation machine learning platform that integrates our proprietary unsupervised machine learning (UML) technology with various supervised machine learning (SML) algorithms. Our team focuses on enhancing core detection algorithms and automating the training process to stay ahead of increasingly sophisticated fraud attacks.

The Platform Team is responsible for developing the architecture that enables real-time UML, a critical component in fraud detection. We are seeking curious, creative, and eager-to-learn engineers to help expand our advanced streaming and database systems, which power our detection capabilities.

This position is ideal for those CS major students who would like to work on fraud detection and machine learning which could lead to a full-time position after graduation.

What you'll do with the team:"
,,,,https://www.linkedin.com/jobs/view/software-engineer-intern-at-rain-4163322156?position=53&pageNum=0&refId=tvbCSK5k6Wu%2BpuBc2yiD0Q%3D%3D&trackingId=TfOOzXnORR9wFvdpDsqmdg%3D%3D,N/A
,,,,https://www.linkedin.com/jobs/view/software-development-intern-at-flexi-software-4173936825?position=54&pageNum=0&refId=tvbCSK5k6Wu%2BpuBc2yiD0Q%3D%3D&trackingId=X83NnJk7KnZrimzu7WAgKA%3D%3D,"Description

Flexi Software is a provider of enterprise accounting software with a focus on insurance, financial institutions, and other markets with complex accounting needs. Flexi was founded in 1992 and today serves customers across the United States and internationally. The company’s software powers billions of financial transactions annually. Flexi is looking for paid Software Development Interns for Summer 2025.









This is a hybrid position requiring a minimum of 3 in-person days per week in our Shelton, CT office.

Only candidates under consideration will be contacted. Any offer of employment will be contingent upon positive background check. Principals Only.

Drug-free workplace. M/F/V/H EEO"
,,,,https://www.linkedin.com/jobs/view/software-engineer-summer-internship-at-lazarus-ai-4179521486?position=55&pageNum=0&refId=tvbCSK5k6Wu%2BpuBc2yiD0Q%3D%3D&trackingId=5h2mBIawP%2BsB1ocb53nRYg%3D%3D,"At Lazarus, we build foundation models to help people solve the world's toughest problems. Enterprise and government clients use our APIs to power products and workflows that keep humans focused on what we do best. We're a venture-backed team headquartered in the Boston, MA area, and we share a passion for innovation, growth, and a commitment to the responsible use of AI.

You can check out a demo of what we do here.

We are seeking highly skilled and motivated Software Engineering Interns to join our team. As a Software Engineer Intern, you will work closely with our software engineering team to help develop and maintain our software systems. You will have the opportunity to learn new skills, gain hands-on experience in the field, and work on creating breakthrough products. This is a great opportunity for students or recent graduates looking to gain valuable experience in software engineering.













$30/hour





Lazarus AI is an equal opportunity employer. We are committed to equal employment opportunity and nondiscrimination for all employees and qualified applicants without regard to a person's race, color, gender, age, religion, national origin, ancestry, disability, veteran status, genetic information, sexual orientation or any characteristic protected under applicable law. We do not tolerate discrimination or harassment of any kind. This applies to every aspect of employment at Lazarus, including, but not limited to, employment, training, promotion, demotion, transfer, leaves of absence and termination.
Show more"
,,,,https://www.linkedin.com/jobs/view/software-engineering-intern-summer-2025-at-garage-yc-w24-4178548707?position=56&pageNum=0&refId=tvbCSK5k6Wu%2BpuBc2yiD0Q%3D%3D&trackingId=3utV6DaBllrI2hqSQ670NQ%3D%3D,
,,,,https://www.linkedin.com/jobs/view/software-engineer-intern-summer-2025-at-roadie-4174965808?position=57&pageNum=0&refId=tvbCSK5k6Wu%2BpuBc2yiD0Q%3D%3D&trackingId=G3we53Sx%2BBUsgX%2BAInfECg%3D%3D,"Roadie, a UPS Company, is a logistics management and crowdsourced delivery platform. Founded in 2014, Roadie offers businesses fast, flexible and asset-light logistics solutions for last-mile delivery. Roadie enables local delivery to more than 95% of U.S. households by providing access to more than 200,000 independent drivers nationwide – allowing businesses to offer their customers delivery optionality for almost any industry, from airlines to artisans.

Roadie is looking for a who’s eager to make an impact and work alongside talented Engineers who are designing and developing cutting-edge software solutions that will shape the future of logistics. As an intern with us, you’ll thrive in a fast-paced, collaborative environment where you’ll sharpen your technical expertise, tackle exciting challenges, and grow your problem-solving and communication skills."
,,,,https://www.linkedin.com/jobs/view/2025-intern-software-engineer-at-adobe-4002615077?position=58&pageNum=0&refId=tvbCSK5k6Wu%2BpuBc2yiD0Q%3D%3D&trackingId=zczzoPsDd87ah2j9vM4bVA%3D%3D,
,,,,https://www.linkedin.com/jobs/view/2025-intern-software-engineer-at-adobe-4002614315?position=59&pageNum=0&refId=tvbCSK5k6Wu%2BpuBc2yiD0Q%3D%3D&trackingId=JM%2B2R4jE2cfMMZmHN9M96Q%3D%3D,
,,,,https://www.linkedin.com/jobs/view/software-engineering-intern-summer-2025-at-scale-ai-4168157017?position=60&pageNum=0&refId=tvbCSK5k6Wu%2BpuBc2yiD0Q%3D%3D&trackingId=rTHqvwgRgFnsy4mChwIN%2BA%3D%3D,N/A
