Program Name,Program Type,Award Year,Open Date,Deadline,Application Link
2024-2025 HBCU - Sustainable Communities Initiative,Scholarships,2024-2025,2024-03-19,2025-03-21,N/A
2024-2025 UNCF General Scholarship Application,Scholarships,2024-2025,2024-06-03,2025-03-31,N/A
"2024-2025 Integra Foundation, Inc. Scholarship",Scholarships,2024-2025,2025-01-27,2025-02-28,N/A
2024-2025 Early Career Talent Development General Application,Internships;Career,2024-2025,2024-09-05,2025-03-31,N/A
2024-2025 WE Communications Scholarship,Scholarships,2024-2025,2024-09-17,2025-02-28,N/A
2024-2025 The Ford Philanthropy Scholarship Program,Scholarships,2024-2025,2025-01-24,2025-02-27,N/A
2025-2026 UNCF/Teradyne STEM Scholarship Program,Scholarships,2025-2026,2025-02-06,2025-03-27,N/A
2025-2026 UNCF STEM Scholars Program,Scholarships,2025-2026,2025-01-21,2025-03-24,N/A
2024-2025 The Pierre and Tana Matisse Scholarship,Scholarships,2024-2025,2024-12-12,2025-02-17,N/A
2025-2026 Aging Services Leadership Diversity Fellowship,Fellowships,2025-2026,2025-02-03,2025-03-06,N/A
N/A,N/A,N/A,N/A,N/A,N/A
N/A,N/A,N/A,N/A,N/A,N/A
N/A,N/A,N/A,N/A,N/A,N/A
N/A,N/A,N/A,N/A,N/A,N/A
N/A,N/A,N/A,N/A,N/A,N/A
N/A,N/A,N/A,N/A,N/A,N/A
N/A,N/A,N/A,N/A,N/A,N/A
N/A,N/A,N/A,N/A,N/A,N/A
N/A,N/A,N/A,N/A,N/A,N/A
N/A,N/A,N/A,N/A,N/A,N/A
N/A,N/A,N/A,N/A,N/A,N/A
N/A,N/A,N/A,N/A,N/A,N/A
N/A,N/A,N/A,N/A,N/A,N/A
N/A,N/A,N/A,N/A,N/A,N/A
N/A,N/A,N/A,N/A,N/A,N/A
N/A,N/A,N/A,N/A,N/A,N/A
